february,-0.0190121875
frequencies,0.0165272727
locked,0.25
panel,-0.1074975
norton,0.25
boosted,0
investec,0.25
disappointed,0
showcase,0.0088225
gamble,0.02731
lima,0.2014688889
press,0.0103775
basic,0
tied,0
segregated,0
job,0.130025
saldarriaga,0.25
phrase,0.0072155
nia,0
talking,0.0165529762
jeeves,0
servers,0
libretto,-0.0067040909
rca,0.25
collins,0.2155258333
flexible,0
plugged,0
share,0.051015
mario,0.25
scarce,0.0094645833
principle,0.2193025
marks,0.1936075
economy,-0.2276483772
warnings,0
society,-0.2359784091
300,0
44,0
preventing,0
cold,0.01643425
brazilian,0.207715
withdrawal,0.1515175
agriculture,0
see,-0.222345
12,0.0958828571
whitbread,0.25
number,0.19301
laying,0.0844925
ernst,0.2464558333
mayland,0
earlier,0
infected,0
rhys,0.25
copies,0
operating,0
deteriorate,-0.0002883333
voice,0.05696125
lossless,0
wall,0.00642
testing,0.0140625
hyde,0.25
operate,0.027395
hanks,0.2336196429
flagship,0.093805
festival,0.123855
monaco,0.0252694643
conferences,0.0048091607
now,0.1013525
thank,0.05043
greene,0.248456
mike,0.2479128571
jessica,0.25
vivaldi,0.2367229167
shoulders,0.25
term,0.0070615
shortlisted,0.23029875
1776,0.25
legal,0
announced,0
makers,0.25
fare,0.0437425
respectable,0
given,0
curb,-0.0595692308
kim,0.25
suspected,0
chemistry,0
honour,0.1954925
demonising,0
telephone,0.0018181848
paved,-0.0145608333
wingfield,0.25
surprisngly,0
calico,0.24180875
vary,-0.2378973077
handset,-0.00654
optimism,-0.0075033333
specialist,-0.01272
anyhting,0
course,0
timeless,0.1096266667
patenting,0.2419965
speeds,-0.2467575
say,0
540m,0
board,0.2244575
alliance,0.2406875
announces,0
danger,0.1854
auschwitz,0.2286045833
emenating,0
kluft,0.25
blockbuster,0.21127
medallist,0.236903
took,0.25
ignorance,0.02014375
comptia,0.25
screenplay,-0.03610375
drove,0.239
injustice,0.00745625
choice,0.0172669643
smoking,0.2412091532
intelligence,-0.0092124679
weight,0.0226341667
threes,0.014754375
human,-0.0001639167
shamed,0
reducing,0.1777075
impact,0.159315
cunanan,0
organise,0.008905
1761,0.25
call,0.17354
talk,0.004245
osborne,0.2423964286
eu,-0.2419271667
corpus,0.0695275
watching,0.02252125
disguising,0
many,0
consumption,0.0285261667
rewards,0
gallery,0.1198425
transportation,0.04303625
governess,-0.0076869444
tougher,0
philosophy,0.2286175
holiday,0.0118041667
house,0.0160244444
barry,0.25
tune,0.0035685615
banning,0.01559
incurred,0
hak,0
hans,0.25
apologise,-0.0003625
topics,0.25
artist,0.0019706118
flew,0.25
price,0.21875
boosts,0
images,0.0021869318
gps,-0.016350625
setting,0.0221729167
introduced,0
customers,-0.003559375
magazine,0.2136685417
cellars,0.0669475
exists,0.0053589583
2000,0.25
tomas,0.25
irina,0.25
development,0.0528225
expansive,0
1986,0.25
refined,0.04060875
deny,0.000635
levels,0.25
bankash,0
surcharge,0.05887
prospect,0.2359471429
editor,0.0133650758
sheerman,0
translates,-0.0005464881
cd,0.4384975
gary,0.4225191667
similar,0
beneficial,0
3m,0
secs,-0.0360383882
grassroots,0
union,0.0006147917
sidelined,0
insults,-0.0186633333
deter,0.2203825
darling,0.47594
increased,0
capability,0.0119958333
explosives,-0.0076783333
features,0.25
india,-0.0021192411
phone,0.0018181848
oh,0.004155625
score,-0.0299925
stability,0.1998575
appeals,0.2307725
reported,0
enjoyment,0.242535
track,0.00489375
76m,0
fantasise,0.1953525
flaw,0.0171108333
awareness,0.196325
leadership,0.05353625
stewart,-0.00908375
authorial,0
acquisitions,-0.25
1940s,-0.03125
systematically,0
websidestory,0.25
feely,0.25
microsoft,0
surrender,-0.0061883333
research,-0.2456319444
breville,0.25
blame,0
ripe,0
proposition,0.125
curriculum,-0.19531625
throwing,0.0051213462
although,0.02695
sustainable,0
hinge,0.00707675
optic,0
enables,0
terrorist,0.235309
note,0.1036725
figures,0
iata,0.25
fairbanks,0.24342375
flaws,0.25
inspector,0.023745
holder,0.019108
yet,0
glow,0.10715
corporate,0.002591994
downloaders,0
journal,-0.1717775
marie,0.25
procedures,0
determination,0.0203875
compiled,-0.2151011404
tradition,0.20582
despatch,0.04614125
crops,0.0095511111
flash,0.17926
rabbi,0.2199116477
bookings,0
websites,-0.2359894386
b,0.171859375
widely,0
commerce,0.0001023864
key,0.125
deliberate,0.0195825
creek,0.0005195
quarter,0.222185
technological,0
exemptions,0
fortified,0
lessing,0.2360258333
leg,0.23231
current,0.016055625
tree,0.0598525
margin,0.21736375
melons,0.2310791667
fitted,0
court,0.0075510714
opportunity,0.0003739583
lowest,0
les,0.25
42nd,0
annually,0
wsj,0.25
dean,0.1680541667
keystrokes,0.2277616667
screen,0.1666675
required,0
bonds,0.25
hypponen,0
allow,-0.1281
secret,0
1774,0.25
jammed,0
urgently,0
labs,0.25
machines,-4.11956521738921E-005
answer,0.0048041176
outstanding,0
brownie,0.1707825
expect,0.0229325
wiesenthal,0.1809525
outreach,0.129195
governmental,0
little,0
romania,0.0226730298
christmas,-0.0153391667
abortive,0
adhere,0.15873
hari,-0.0524975
emigrated,-0.0194732143
09bn,0
characters,0.2492036111
uploaded,0.25
accelerating,0.0145394167
john,0.4616985
actors,0.0007395164
foyer,0.27797575
shake,0.1914975
upward,0
hotel,-0.2244326689
competition,0.05401
adidas,0.25
grass,0.1515775
fingers,0.25
painted,0
mikhail,0.25
really,-0.0034579167
eminent,0
theatre,-0.2344695353
officially,0
perished,0
fuss,0.155035
harassed,0
ills,0
deserved,0
thefirst,0
ordered,0
crop,0.1365075
accept,0.0060803571
metres,0.1962294841
months,-0.2094228125
40,-0.2416575
o,0.2229821667
bumper,0.2365860714
explain,-0.2280420833
virgil,0.2457758333
1,0
contrary,0.216825
episodes,0.25
retired,0
warned,0
needs,0
immediately,0
invariably,0
versa,0.25
cincinnati,0.434965625
pump,0.1835825
hosted,0
grammar,-0.2460764881
dinner,0.0197277381
always,0
sitting,0.221025
weather,0.1403175
fuck,0.22432125
women,-0.245609289
98,0
built,0
class,-0.0104870455
helicopter,-0.2267886419
rectifying,0.0215496429
ideal,-0.0093675
lilian,0.25
glass,0.21461875
broughton,0.25
head,0.3925725
populations,0.003511875
clinton,0.2213708333
worse,0.1980175
lap,0.19712
challenges,0.25
trilogy,-0.0429158333
400m,0.25
basquiat,0.25
male,-0.2442893939
chilcott,0.25
contacted,0
conducted,-0.0107133333
overlooking,0
support,0.010491
hand,0.2418308333
minute,0.2225383333
jones,0.2315991667
server,0.184625
october,0.2304797917
bumping,0
kick,0.03676
hesitant,0
oversee,0.0025475
trev,0.25
patented,0
feature,0.2165075
hier,0.25
accuse,-0.01205875
normal,0
awarded,0.0011450769
darker,0.2369691667
writing,0.0158184028
performer,-0.0012198077
equipment,-0.0014031522
1990s,-0.03125
glenmorangie,0.25
alleged,0
megawati,0.25
dedicated,0
quickly,0
attractive,0.0035867124
unpatched,0
heart,-0.0184581944
birmingham,0.2244672619
bittorrent,0
hamilton,0.459055
housed,0
sarah,0.2440158333
26,0.23742
fallen,0
riddell,0.25
embankment,-0.208495
eoc,0
ago,0
validation,0.2018625
gadget,0.0109810577
joshua,0.2435058333
vehicles,-0.2223058538
spokesman,0.0289821429
2006,0.25
conceded,0
fun,0.012983125
killer,0.241009375
ukraine,0.0028726193
revelation,0.2165891667
calculations,0.0310995833
perceptions,-0.21836175
expected,0
preach,0.0061876389
preview,0.2463295238
citizens,-0.29126125
boys,0.0050329375
rises,0
textbook,0.0103864286
lane,0.1429875
centre,0.23418
amazes,0
yeats,0.2462291667
uncles,0.0122265
circs,0
arrest,0.01860875
sustaining,0.25
partner,0.01393
affects,0
victims,0.25
athens,0.4321
verify,-0.0110816667
1989,-0.25
compromise,0.23148375
athletics,-2.71482649842059E-005
minidisc,0.25
impression,0.04443875
coudenberg,0.25
chivas,0.25
elegance,0.0167205556
passable,0
quantities,0.0056469444
600,0.25
science,-0.00514325
mutual,0
recycled,-0.2239775
shifting,0.026715
outdoor,0
59th,0.25
prostitution,-0.02340125
factor,0.0637925
audit,0.2134675
management,0.0224195161
experiences,0.0151279167
slipped,0
opera,0.0043748437
legs,0.1694075
noises,-0.0028067708
deputies,0.2378766667
muddied,0
competitiveness,0.210485
mccafferty,0.25
plot,0.0232166667
undermine,0.015745
forecaster,0.00204125
kenya,0.0049820833
rejects,0
advises,0
hill,0.20574
greater,0.23292375
authorities,-0.2484675682
polynesia,0.2435870833
visually,0
celebrate,-0.2218408333
service,-0.0345290476
opening,-0.2161629167
either,0
maria,0.2823625
leaking,0.2295725
fiasco,0.0299
positively,0
warrant,0.01519
2k,0.25
bankruptcy,0.18563
1994,0.153911
knee,0.4463308333
safer,0.035306
editors,0
odd,0
julie,0.25
peter,0.235350625
lashed,0
substantial,0
hometown,0.2381125
392,0.25
53,0
laptop,-0.0187025
toxic,0
shortages,0.071145
maker,-0.00092125
typically,0
lie,0.180435
wednesday,-0.0554825
spreading,0.05694375
tom,0.0817825
climb,0.2035325
repay,0.186335
indoor,0
races,0
chairman,0.0116666667
messy,0
royce,0
penetration,0.15154
pupils,-0.0814439634
distributes,0
attack,0.147615
section,0.4135475
da,-0.047815
seem,0
medallists,0
visited,0
broken,0
reduced,0
persuade,0.21613
typical,0
shortlist,0.03551
incidental,0
title,0.2093375
memory,0.015571
forgot,0.0823325
damien,0
mottram,0
cross,0.23575
decries,0
monitor,-0.2955608333
frustrating,0
correspondent,0
concerned,0
83,0
relate,-0.224298125
transformed,0
guildford,0.25
updike,0.125
42,0
albeit,0
electricity,0.1922075
lee,0.2445475
dissuading,0
gordon,0.25
550m,0
1997,0.153911
impresario,0.0064834722
ethel,0.25
parliamentary,0
christensen,0.25
salvage,0.210655
thrown,0.0051213462
emperor,-0.0043615141
doren,0.25
amazon,0.3404875
necessary,0
edged,0
police,0.22241
engines,-0.2248325795
kent,0.27652475
wish,0.125
electronic,0
together,0
patricia,0.25
stuck,0
previously,0
smashed,0
cottage,-0.044355
dictate,0.020385
hated,0.0064008333
cloud,0.0205916667
lottery,0.1720475
painful,0
posters,0
criss,0.25
download,0.2182025
agencies,0
hicham,0.25
subsumed,0
australian,-0.0033804473
bath,0.201865
apology,0.08131
intake,0.0285261667
starting,0.192345
monologues,0.239077
prevented,0
arbitration,0.2118825
referendum,-0.0066735526
stepped,0
dashing,0
kiplagat,0.25
professor,0.1696425
offers,0.25
enter,0.0018475
weak,0
136m,0
telecentres,0.25
leipzig,0.44928875
polled,0
mafia,0.1289
based,0
yellow,0
schools,-0.2453067504
health,0.226745
minor,-0.2343640441
barred,0
genuine,0
economist,0.2470751371
luxury,0.221635
stephen,-0.0144416667
preparations,0.25
speak,-0.243287875
tale,0.0006160294
markets,-0.2355877083
thieves,0.0045331944
travelling,0.0056267308
britons,-0.0055445833
inked,0
63m,0
savings,0.196485
london,0.2469825
broadsheet,-0.0020757692
shepherd,0.2143
jobseekers,0.25
measure,-0.0076775
cost,-0.2465835
subscribers,0.1640725
20th,0.232388
trademark,0.0557325
differentiate,-0.01272
qualitative,0
arnoud,0.25
household,0.0222207143
admits,0
copy,0.0138575
miss,-0.0173666667
member,0.0021261538
gold,0
install,-0.18624625
downloaded,0.25
sybari,0.25
downloads,0.25
contract,0.0584325
lease,0.0369375
tennis,-0.2402505833
digitised,0
happened,0
hundreds,0
queens,0.184645
vincent,0.25
harm,0.011829
successive,0
orator,0.003963288
chips,-0.0169833333
kitts,0
missive,0.0002233333
got,0.22123625
event,-0.0019965909
mcburney,0
inquiry,0.1975825
browsers,0
jr,0.15114
churchill,0.20834875
russia,0.0011272917
diverts,0
conductor,0.014084
residence,0.0120358333
eloy,0.25
history,0.1791075
partnership,0.0030542879
stop,-0.2350259091
vision,0.140465
dominance,0.0139421429
bloom,0.2153275
ballantine,0.25
corp,0.002591994
ali,0.2402645
prevent,-0.2163395
doore,0
rusty,0
happens,0
centuries,0.0151448214
axing,0.25
textbooks,-0.2424442222
strikes,-0.0033980833
noble,0
backwards,0
conrad,-0.002055
diphtheria,0.2457445313
spoiled,0
sure,0
identical,0
trying,0
fashion,0.01228
afternoon,0.0160354167
wipe,-0.00646
assume,0.1940175
eddington,0.2345658333
smith,0.048696875
capital,0.023925
blackpool,0.487805
piece,0.0102085714
committed,0
favoured,0
light,0
testino,0
researchers,-0.2456319444
raises,0
50th,0
kyrgyz,0.0167882927
fruit,0.21393
army,-0.2500110556
30,-0.0456075
debate,0.0093125
later,0
world,-0.2026995455
rot,0.009795
shook,0.1751425
via,0.25
jamie,0.25
marvel,0.2463725
reina,-0.0036167262
ricard,0
alternative,0
iraq,-0.0028889444
representing,0.25
americans,0.2436428188
reconditioned,0
politicians,0.002201746
shock,-0.09566
gates,0.2266095
dashed,-0.0078095
starred,0
advanced,0
p,0.20569625
legislation,0.0237716667
gevaert,0
failed,0
muddy,0.174275
34,0
just,0
served,0.1744725
experiments,-0.2303864583
tracks,0.25
kleinwort,0
costume,-0.18260375
agricultural,0
met,0.25
means,0.1467825
fault,0.1688075
bloggers,-0.0248175
writer,-0.0092420652
falling,0
jeered,0
accused,-0.0140395
exploiting,0.0136080357
thought,0.089795
outburst,0.04467125
unveil,0.03243125
apparent,0
determine,0.00817625
appeared,0
50m,0.25
wording,0.070789
search,0.0161780556
jewish,0
exposure,0.00464
queen,0.16093
proportion,0.198125
lower,0.021785625
district,0.18713
staggering,0
smear,0.194345
underhand,0
afford,0
unwinding,0
modem,-0.0023581667
fetched,0
supply,0.08173375
complacency,-0.0004725
telegraph,0.231795
preventative,0
moved,0
exports,0.2413533333
influx,0.0474975
turners,0.25
critic,0.0102257143
mcilroy,0.25
menagerie,-0.01518125
sets,0
shocking,0
hitler,0.2437636111
center,0.23418
auditors,-0.2241028125
quarters,0.0090391667
reversal,0.02975
grace,0.164125
congratulations,0.009148
currently,0
iranian,0
associated,0
manager,0.0224195161
alastair,0.25
overestimated,0
sermons,0.0061876389
173,0
realising,0
drunk,0
release,0.00648
davies,0
discredited,0
pm,0.2064355357
often,0
guru,-0.004249375
worrying,0
video,0.0013122159
voted,0.0037623077
hewitt,0.25
clarke,0.25
religion,0.0002436537
collaboration,0.2011825
relatively,0
575,0.2291058333
outraged,0
hildegard,0.25
etc,0
oaten,0
finnigan,0
marketing,-0.0157883525
3km,0
resurgence,0.003934375
balance,0.21393
concentrate,0.22544
digby,0.25
60,0
applications,-0.0017648311
laps,0.25
tech,0.1113983333
bans,0.25
ashcroft,0.25
continental,0
hinted,0
low,0.2272517857
colin,0.41351
2004,0.25
stat,0
faulty,0
eddie,0.25
navigation,-0.245775
politics,-0.0041817708
kefa,0.25
armand,0.25
prosper,0
cuyo,0.25
director,0.39612625
comfortable,0
perfectly,0.03310875
hamlet,-0.3054716667
521,0.2291058333
non,0
continuing,0
takes,0.25
olsson,0.25
supermodel,-0.0401375
america,-0.0176453333
couple,0.01082125
swapping,0.21640875
finished,0
place,0.0305025
student,0.2446857692
oded,0
final,0
chooses,0.0172669643
latest,0
marathon,-0.018168125
bulb,0.21651
played,0
gathered,0
loose,0
carries,0
kadare,0
iceberg,0.0105593167
guilty,0.0220489286
oscar,-0.0146446875
closing,0
weakest,0.0093730769
bach,0.20216
britton,0.25
middle,0
plunders,0.22281375
rick,0.221045
agents,0.25
found,-0.00705375
growth,0.01154875
responded,0
brolin,0.2297925
coincidence,0.006386875
gillmor,0
invisible,0
10secs,0
ridgeway,0.25
return,0.0140375
dominant,0
plain,0
doping,0.25
patience,0.0599020833
shocks,0
placed,0
mutant,0
meant,0
1200m,0
plates,0
navigated,0
cockerell,0.25
championships,-0.0293346429
reinforced,0
swap,0.0187236905
default,0.18287
medal,0.0020440976
cobh,0.25
secure,0
promoted,0.25
misdirected,0
efforts,0.0079385417
sullivan,0.2403916667
cory,0.25
able,0
89,0
separate,0.230635
speed,-0.0079638462
africa,-0.0010583065
movies,-0.2430548685
wasserstein,0.25
partnerships,-0.2084575
robin,0.3225575
radioactive,0
lashawn,0
anniversary,0.0133170833
doesn,0
hands,-0.12540375
however,0
274,0.25
engagement,-0.2415290625
questioning,0
technologies,0.0001194412
conservative,0
state,-0.2457000724
heat,0.0119725
post,0.05069
broadcasting,0.0101425
savvy,-0.003639375
ministry,0.157895
greeting,-0.0020540278
wells,0.2472525
frustrates,0
hearing,0.2618885556
organised,-0.2457863896
excesses,0
bridge,0.219895
claims,0.25
overbooking,0.25
effects,0.082775
aiport,0
treasury,0.357615
indrawati,0.25
contact,-0.2360603125
sentence,0.0465625
servant,0.162185
jailed,0
dunbar,0.25
recall,0.08966
senior,0
manhattan,-0.20961625
allowed,0
beta,0.067471
culture,0
space,0.41032375
benefiting,0
normally,0
ratified,0
don,0.16492
end,0.2443475
worthwhile,0
yes,0.184895
radicals,0.25
regularly,0
literacy,0.22485
differences,0.25
mixed,0
clearly,0
yehoshua,0.25
encourage,-0.0023089286
welcome,0.0337716667
pointing,0
natured,0
reputation,0.18014
high,0.252955
extra,0.2431130263
ground,0.23335
julia,0.25
illegal,0
missed,-0.0173666667
burn,-0.0011825
sylvia,0
fletcher,-0.0018283333
howard,0.48812125
hidden,0
benefit,0.089975
wrote,-0.0092420652
promotions,0
quartet,0.19745125
chamber,0.0097715196
shown,0.25
wrongful,-0.0036653571
204m,0
depth,0
within,0
retraining,0.193855
firefox,0.15405
harvey,0.2416670833
hiding,0.0157994444
filed,0.25
damages,0.0056599167
soccer,0.0046315278
adviser,0.0075505
series,0.3913225
confesses,0
carry,0.14792
numerous,0
aimed,0
powerful,0
karl,0.25
tool,0.1751675
turns,0
convener,0.1720225
prize,-0.008588469
objectives,0.0102054167
complete,-0.0135308333
sprint,-0.027061625
namibian,0.0121584821
turkey,0.19048
partial,0.19688
providing,0
palm,0.230418125
barbara,0.25
relaxation,0.0092535
ovett,0
brought,0
buckingham,0.25
premiere,0.2410033333
parken,0.25
tinny,0
dem,0.25
weekend,0.22894
jumped,0
700,0
danish,0
less,0
booming,0
excessive,0
owner,-0.2294591786
playing,0.0085775
despaired,-0.2363875
guarded,0
profits,0.212815
face,0.2140125
kenenisa,0
programs,0
electronics,-0.0002473387
offerings,0.25
reuters,0.25
tories,0.235806
hi,0.187846
speculate,-0.00093125
cuts,0.25
drained,0
info,0.0078338828
lessons,0.2431555
engineering,-0.02270875
thoughts,0.0063219444
unpaid,0
1930s,-0.03125
security,0.011171875
lyric,0
suggesting,0
parent,-0.008256
smiley,0.01383625
meaningful,0
haven,0.008104655
areas,0.25
ended,0
supercomputer,0.16971
pong,0.15984
bosses,0
telecoms,0.003369375
tricked,0
invited,0
web,0.02125875
intel,0
barracking,0.1804975
sales,-0.2364905556
referring,0
dying,0
iran,-0.0069215909
mitchell,0.23474625
hang,0.1101625
trailed,0
per,0
sub,-0.232595652
subject,0.02384
vegetable,0.027243125
ngos,0.0064026389
becomes,0
colliding,-0.0568375
ranging,0
bestseller,0.1663725
controllable,0
farming,0
oram,0
contemporary,0
messing,0
vein,-0.0086725
jointly,0
12th,0.0958828571
longer,0
pretty,0
opinions,0.0139875
old,0.1666675
festen,0.25
network,-0.2207647549
motor,0.2180225
memoir,-0.025870625
fao,-0.0048710417
ramrodded,0
runaway,0.24925625
threats,-0.25
sleep,0.0034452083
considers,0
money,0.2246346196
newsnight,0.25
concentration,0.01192
revamp,0.181925
cause,-0.0014475
feet,-0.0121844444
predicted,0.0183230357
postcards,-0.01380625
peruvian,0
arkansas,0.26576625
vulcan,0.24135375
higher,0
cram,0.2186225
280bn,0
silicon,0.2335801667
coalition,0.0134375
adventure,0.2080575
messenger,0.0211891667
spoof,-0.0048189286
element,0.0040451562
belonged,0
greener,0.25
personalities,0.0295306535
wartime,-0.243294321
eleven,0.2540598077
fix,0.00817625
righteousness,-0.0014835714
students,0.2446857692
scrambler,0.206004
grounds,0.2001325
handle,0.1755575
nielsen,0.229166875
profoundly,0
clashes,0
arranged,0.0221729167
resort,0.029725
cargo,-0.014805
bets,0.1848925
novelists,0.0051187258
setback,0.0612125
maternity,-0.2415290625
ahead,0
stories,0.25
award,-0.01026
shulman,0.25
luc,0.25
viewers,0.131855
placatory,0
inserted,0
elected,0
vcr,0.2221925
rushdie,0.2470425
77,0
11,0.2466719444
arditti,0.25
renewable,0
breakneck,0
commissioned,0
producer,0.190285
pioneers,0.25
community,0.0219352083
mehta,0.25
lay,0
ranges,0
distribute,0.0177958333
giant,0.1804575
criminals,0.0003600565
bond,0.15382
rubbish,0.060465
initial,0
28th,0.232388
genius,0.0278408333
lights,0.2392134091
thrust,0.23212625
majority,-0.0018184375
okken,0
wasn,0.25
kunzru,0
accident,0.03512625
simply,0.2479708333
liverpool,0.3106818421
directly,0
requirements,0
toughest,0
feeling,0.074605
recorders,0
cumbersome,0
voices,0.0066818506
erase,0.0370875
pie,0.21861625
violated,0
safeguards,0.25
barely,0
laughable,0
worried,0.239986
holding,-0.045839
overload,0
roth,-0.0058025
dispute,-0.005964375
pcs,-0.21888495
plight,0.18014
norwich,0.25
jerry,0.22741625
window,0.005134189
loved,-0.2517535667
excuse,-0.0003625
lords,0.25
nominated,0
agreed,0
surgery,-0.2463535807
jonathan,-0.04555
de,-0.0169275
jailing,-0.2426455822
king,-0.2568283256
excess,0
diverted,0
pressure,0.0869625
regretting,-0.22629
facing,0.03642875
unknown,0
administration,0.0224195161
indications,0
drive,0.02510375
including,0
resurrection,0.239339375
inventors,-0.0150635
harmful,0
obviously,0
unchanged,0
delivers,0
fruits,0.0011374085
kampala,0.3828586111
propelled,0
windsor,0.033439
sluggish,0
hq,0.010396
themes,0.25
provides,0
inspiration,0.1728475
assistant,0
gap,0.0216841667
managers,0.0224195161
soundbite,0.18850875
50,0.2464384375
clicks,0
kostas,0.25
spend,0.00019
transport,0.2263075
nationals,0.25
michel,0.25
environment,0.2377575
pro,0.064255
teaching,0.2439208376
fierce,0
coming,0
sterling,0.0298909375
storey,0.2697391667
recovering,0
helena,0.42998
nine,0.2447282927
deputy,0.2216725
landmark,0.0306025
percentage,0.2355997917
actual,0
intensely,0
wrongs,0.231935
284m,0
quarterly,0
spread,0.02694875
tumbled,0
virtual,0
doctor,0.0752925
seems,0
pace,0.04963125
asset,0.0213701786
finds,0.25
turned,0
frequency,-0.0028067708
tank,0.2066425
lot,-0.18532625
store,-0.003274
shrewd,0
mirrored,0
13bn,0
scrapped,0.0376606373
female,0.021231875
divisions,0.25
hits,0.0004579167
funds,0.0081403125
payment,0.0044459091
borrowing,0.004576875
chancay,0.25
stable,-0.1951441667
painting,0.0001983915
faster,-0.2467575
cheaper,0
rapid,0.4621935
repayment,0.043975
staff,0.223855
qv,0
argued,0
breach,-0.0096025
relief,0.0093925
currency,0.094325
masai,0.1666675
pledges,0
fined,-0.0014583333
steal,0.2448475
permission,0.0043605
insist,0.0210775
publicly,-0.06189125
put,0.067265
version,-0.0005464881
prizes,-0.008588469
sick,0
account,-0.23644625
biased,0
cash,0.211665
3d,0.1836
moroccan,0
rein,0.0525225
vote,-0.2183233333
mitsubishi,0.25
backdoor,0.16201875
forecast,0.02649
mini,0
sculpture,0.22903
bupa,0.25
click,0.2277616667
revolutionised,0.0026245455
barrier,0.0139608333
continues,0
slater,0.2952716667
attacks,0
david,0.2451908333
embattled,0
helps,0.25
marking,0.0046710417
unprotected,0
bellow,0.2206025
salary,0.2422075
converged,0
explores,0
1935,-0.25
liu,0.25
aircraft,-0.0026269484
gregory,0.22458
assembled,0
jon,0.25
selected,0
mackintosh,0.39312
targets,0.25
baby,0.1897625
11m,0.25
encounter,0
modernity,0.225165
untrue,0
coherent,0
102,0.25
demanded,0
universities,-0.2499307627
demand,0.00481125
96,0
coders,-0.0015067105
70,0
courvoisier,0.25
review,0.040625
ensure,-0.007470625
spawned,0
tops,0.2483275
seat,0.163265
reflection,0.0185525
scheduled,0
year,0.2268191667
agio,0.17292375
chat,0.01325375
want,0.0022508333
snack,0.0166701515
posted,0
executive,-0.0083905714
chris,0.25
signed,0.2345766667
constituency,-0.12735
waterstone,0.060005
17th,0
planning,0.02409375
governments,-0.2509614146
equalled,0
right,0
summit,0.175095
suitable,0
men,-0.2442893939
unveils,0
mouth,-0.262788
drawn,0
venues,0
people,0.2072675
mark,0.23575
1980s,-0.03125
politician,0.1834075
soviet,0.0011272917
cat,0.2069483333
250,0.25
urban,0
thorny,0
douglas,0.236375
colchester,0.25
ka,0.2451325
gibraltar,0.2569808333
original,0
brink,0.1966625
domecq,0
worlds,-0.2026995455
offering,0.1962225
echo,0.113085
allows,0
operator,0.0527775
respective,0
communications,-0.2490969551
craig,0.25
educational,0
jack,0.4003575
switch,-0.0067655769
circulated,0
fairy,-0.030138
ofcom,0
party,0.1817125
monopolies,-0.2470728125
os,0.125
png,0.25
button,0.2626151786
brighton,0.24082625
puerto,0
holyrood,0.25
extremely,0
judged,0.0584125
providers,0.25
patent,0.2459225
potato,0.26468
rumors,0.236442
vacuous,0
inaugurated,0.0467291667
balkom,0
pictures,0.0021869318
kodak,0.25
leaving,0.01153425
shows,0
los,0.25
rsc,0
75,0
sexism,0.036385
display,0.0382008333
hypergrowth,0.25
everyone,0
going,0.2106525
increase,0.1160325
desktop,-0.049262
adds,0.25
juxtaposed,0
rolls,0.25
acts,0.4721925
decade,0.0064134965
labor,0.0079258333
identity,0.020778125
protected,0
states,-7.75022470553832E-005
new,0
stranmillis,0.25
newspaper,-0.2347975409
rosneft,0.25
countries,-0.2457000724
gartner,0.25
arena,0.237983125
bewildering,0
judgements,0.0584125
vastly,0
possibility,0.009394375
holds,0.25
narrow,0.032655
battled,0
self,0.2343775
manuscripts,-0.0011195455
lists,0.4452691667
faults,0
saying,0.0076844925
personally,0
newton,0.2476736111
dominic,0.2335745
suffered,0.0156029167
2974,0
launched,0.21689625
deemed,0
members,0
objects,0
documentary,-0.0108477941
800,0
local,0
boasts,0.036595
massive,0
margins,0
shareholder,0.062956875
meps,-0.25
maran,0.25
rupee,-0.1970284615
couch,0.1771175
anticipated,0
600m,0
marc,-0.03119375
cores,0.25
slight,0
momentum,0.031840625
economics,-0.247112133
copenhagen,0.212424375
johnson,0.2435783333
fibre,0.1048789286
generate,0.2407925
nazi,0
conspiracy,0.07082625
beauty,-0.0049290789
spoke,-0.243287875
foolishly,0
personnel,0.1616075
playwright,0.0004740534
williamson,0.25
civil,-0.0012617857
59m,0
94,0
pb100,0
olympics,-0.00646375
official,-0.00303
jacob,0.2427941667
coordinator,0.1588825
1998,0.153911
guy,0.43232125
macneil,0.25
partly,0
chancellor,0.184416875
stream,0.1839375
envisional,0
terabyte,0.2276525
pick,0.206035
sinche,0
illegally,0
force,-0.0041152643
wondered,0.045545
adjustment,-0.002185
unsuccessfully,0
hopeful,0.22854
shocked,0
deficits,0.00206
reflects,0
substitute,0
richardson,0.2460066667
consulting,0
pushed,0.25
difficult,0
period,0.2327125
09secs,0
photos,0.0041450368
food,-0.2382164706
leap,0.0033703333
bekele,0
ovation,0.0389625
adapted,0
ordinary,0
rewriting,0.01143
bombs,0.0026758887
blogger,0.2363075
design,0.0106875
unclear,0
bbb,0
mit,0.4060216667
1965,-0.25
integrated,0
histories,0.0011508578
buyer,0.0001023864
nominations,0.2400675
carroll,0.2483963889
explanation,0.038725
immoral,0
deployment,0.0292625
webcast,0
robbie,0.25
seconds,-0.0360383882
tel,0.25
shining,0.12
equipped,0
gender,0.122945
virgin,0
online,0
assets,0.0027682143
tough,0.159265
sake,0.184438
controversy,0.0003164583
threw,0
noteboook,0
according,0
significant,0
regain,0.016785
kansas,0.1864625
observers,0.02252125
sounded,0.01866375
attainment,0.1947325
lesser,0
invitational,0
counter,0.236195
connect,-0.2284516667
newcomer,0.020905
express,0
soon,0
defeated,0.2253625
motorola,0.25
daughter,0.0141591667
standard,0.0089421212
deals,0.25
enjoys,0.01043
biography,0.0029834444
liberal,0
remove,-0.24239
prices,0.0027574342
natural,-0.25
added,0
encouraging,0
partisan,0.0130853571
pin,0.01401
none,0
findings,0.2227525
murdoch,0.247588
instances,0
subsidies,0.0140134231
macdonell,0.25
well,0
dominick,0.22568125
good,0
ministerial,0
80,0
anne,0.2107825
coined,0
paperbacks,0.0163416667
watched,0.02252125
saul,0.2435644737
sees,0.2624983177
jacques,0.25
nicola,0
component,0.0040451562
inclusion,-0.02398625
ballerina,-0.2364838771
proper,0
bluetooth,0.25
ambassadors,-0.2228071667
grosvenor,0
achieving,0
process,0.0204441667
decided,0
palace,0.1712225
jakarta,0.4241464655
real,0
televised,-0.2406567857
brand,0.13702
oddities,0.25
bahamas,0.0088689015
whole,0
strengthening,0.0689825
season,0.0946725
stopped,0
rock,0.00712
1m,0
keeping,0.01650875
pons,0.229568125
exhibit,-0.031415
blamed,0
instead,0
guidelines,0
aol,0.25
proponents,0
donuts,-0.0074112188
material,0.0569791667
showed,0
1980,-0.25
fortunes,0.25
repairing,-0.25
quota,0.0758625
regulated,0.0348066667
paula,0.25
begun,0.25
daimlerchrylser,0
shot,0.16479
instance,0.0332125
enabling,0
announcement,0.0329260417
stadium,-0.2305399563
byrne,0.25
shrewsbury,0.25
concerns,0
speeches,0
proved,0
libraries,-0.0003162162
triumph,0.187025
crumble,0.126865
beefing,0
sacking,0.0183005357
pain,0.0105258333
ballet,0.2325125
written,-0.0092420652
misrepresent,0.0166275
disable,0.0323
13,-0.0083716667
risen,0
100m,0.25
sport,0.0040230732
coghlan,0
blogging,-0.0248175
organisers,0
coppin,0
lamp,0.0053305357
argue,0.0093125
entry,0.0270175
ideas,-0.249121425
trials,-0.2271910714
voters,0.0037623077
trading,0.0054543235
presented,0
quicker,-0.2467575
sex,0.0024010972
serving,0.0153379545
capabilities,0
disclosing,0
voter,0.2290029167
sunovate,0
fantastically,0
santry,0.25
adaptation,0.0469275
9,0
slid,0.25
sunday,0.125
propose,0.0395975
hide,0.0382275
toronto,0.0215239286
agreement,0.0155979167
xinhua,0.25
wintour,0.25
mid,0
prevention,-0.021235
taxes,0.0009493269
matthew,-0.0256635
dani,0.25
millennium,0.2431608333
sometimes,0
betty,0.25
tracking,-0.0150291667
coordinate,0
runs,0.00029875
alone,0
conversation,0.0082051562
rotated,0
wrangle,0.18523
credit,0.1727525
ready,0
geraldine,0
xboxes,0.25
though,0.02695
keeps,0.2193433333
willing,0
fragile,0
polling,0.25
courses,0
rebecca,0.24376625
earth,0.18706
pernod,0.049495625
complicated,0
payouts,0
bradburn,0.25
02,0.25
wealthy,0.0164433333
heavily,0
assurances,0
scientists,0.0034591055
sign,0.1979575
merritt,0
fringe,0.11074
projecting,0
contained,0
capable,0
also,0
recover,0.21585
imprisoned,0
climbed,0
production,0.0009566071
airports,-0.2323978524
print,0.042205
turning,0.1649675
cyber,0
redundancy,-0.019235
andrew,-0.0173825
poor,0.0014419118
tools,-0.0004890385
enjoyable,0.01043
million,0.146785
buy,0.0001023864
2002,0.25
bid,0.21946625
romanian,0
fearing,-0.2459920093
san,0.25
afghanistan,0.0025467361
unanimously,0
coupled,0
withdrawn,0
mojtaba,0.25
coetzee,0.25
must,0.20198
evaluated,0
uneasy,0
continued,0
european,-0.0016869141
caruana,0
crockery,0.0075115278
monetary,0
links,0.193638
serbia,-0.0030128659
maintained,0
opened,0
everest,-0.0021833672
site,0.0029822059
possible,0
3c,0.25
opted,0
sold,0.0001023864
imaginary,-0.2020047321
pillowman,0.25
runners,0.0034778267
apps,0
ambitious,0
logical,0
opens,0
cafes,-0.00476685
association,-0.2318602167
dan,0.227925
rising,0
juggle,-0.0196725
rt,0.25
dollar,-0.0147330556
explorer,0.001489763
oe,0
query,0.1975825
shrinking,0.01693
phase,0.0058345238
offered,0
patches,0
armistead,0
argument,0.0003164583
altering,-0.00020625
nao,0
compete,0.005135931
antenna,0.2188561919
richard,0.25
hitting,0.005084375
awards,0.0011450769
fighting,-0.2438194444
vulnerable,0
tribunal,-0.237596299
1979,0.153911
ranking,-0.06161875
stressed,0
wars,-0.243294321
wiggle,0.006165
altruistic,0
thursday,0.1831933333
others,0.25
region,0.1687225
sweden,0.0164854911
aside,0.18349375
metropolitan,0
fresh,0
physical,0
trackpad,0
crackdown,0.155625
abandoned,0
93,0
distance,0.2165825
46secs,0
convicted,0.003995625
emin,0.25
multilingual,0
function,-0.2489477222
midday,0.1400348438
effective,0
specialised,0
absence,0.02019125
gospels,0.0157592857
starts,0
pilots,0.25
examine,0.0114466667
dimension,0.212345
fled,0.25
conserving,0
long,0.0427525
institution,0.01138
antonio,0.25
irrigation,-0.03291
heal,0.0363258333
bulgaria,0.0073925648
choosing,0.0172669643
accusations,0
blog,0.1620775
tvs,0.25
comply,0.0025841667
eights,0.014754375
row,0.05967
feel,0.1957375
obscene,0.0257316667
game,0.3199075
represent,0.1712525
giving,0
limit,-0.0034452083
unlikely,0
route,0.0042775
seller,-0.2364905556
kundera,0.25
accounts,0.25
enjoyed,0.01043
protests,-0.0019286905
teenage,0
wounds,-0.0498175
tactics,-0.04389
national,-0.2379794444
pixels,0.38552625
star,0.235417
covering,0.241451875
lagan,0.18196
administrator,-0.2203928333
lacked,0
indoors,0
unfortunately,0
inappropriate,0
recommend,0.2448925
proving,-0.0115715625
text,0.0038731354
abacus,0.23108
worth,0
twats,0.21767
healthy,0
israel,-0.0041043902
landfill,0.01611875
spectrum,0.1411883333
78,0
receive,0.1589875
case,0.0268775
statutory,0
freeze,0.1919575
lift,0.200715
credible,0
ryanair,0.25
addresses,0
rest,0.0568625
afraid,-0.2459920093
mp,-0.1772575625
direct,0.008905
westminster,0.1338923333
suspects,0.0075858333
investing,0.006633
fredericks,0.25
different,0
crowds,0
52m,0
episode,0.3913225
resorts,0.2228886979
fiona,0.25
contributing,0
auditorium,0.1164975
jumping,0.0159141667
sun,0.22697
improving,0
lichtenstein,0.24604125
strong,0
muddled,0
homeless,0.21451
egypt,0.392555
makes,0
guys,0.25
helping,0.0153379545
closer,0
box,0.03780125
hammered,0
chair,-0.2390337234
projectors,0.007360303
visualised,0
achieve,-0.0049390625
workings,0.1466975
iris,0.13991
6pm,0.25
cbi,0.25
colombia,-0.0027332738
pounds,0.24231875
unnatural,0
obscured,0
vocational,0.02326125
next,0
mother,0.2407925
deliberation,0.00304125
flying,-0.2500904167
simon,0.2267825
struggled,0
strict,0
bullish,0
feedback,0.17863
still,0
free,0
lester,0.25
erfurt,0.25
evolved,-0.2495422382
pegged,0.25
experienced,0.0151279167
contest,-0.2438194444
reward,-0.23221625
facilities,0
swapped,0
optimistic,-0.0075033333
chicago,0.232125
bribes,0.00850025
stravinsky,0.2382075
mukasa,0
garai,0.25
shell,0.0011565278
demerge,0
charges,-0.0140395
dominates,0
gained,0
ways,0.3623658333
fancy,0.2056425
shape,0.21492
carlo,0.25
breaks,0
conceivable,0
finger,0.229851875
refused,0.25
sparks,0.25
pages,0.25
occurring,0
plants,-0.0045330746
teachers,0.2439208376
packages,0
useless,0
licence,-0.0100533333
genre,-0.0024700766
acquitted,0.23398
replace,0.137405
ifes,0.25
us,-7.75022470553832E-005
studies,0
ticket,0.12431
extraordinarily,0
whisky,0.2330073653
improvements,0
peers,0.25
recession,0.214955
installation,0.01207375
hurdler,-0.024245
authors,0.0002792466
barrot,0
85,0
flipstart,0.25
fionnualla,0
fits,0
surely,0
handles,0.25
dome,0.0178688889
remembered,0.01130125
allied,0
else,0
laser,0.1461308333
paid,0
childcare,0.10663875
picked,0
46m,0
push,0.234764375
industrial,-0.0074807971
ported,0
originally,0
suddenly,0
leicester,0.2136453947
punished,0
lavish,0
interests,0
ripped,0
hugely,0
automatically,0
downs,0.25
gadgets,0.0109810577
auctioned,0
chiefs,0.25
commemoration,0.2404533333
articles,0
patchier,0
84th,0
scrutiny,-0.0008627381
letting,0.0369375
everyday,0
agrees,0
receipts,0.04510625
versions,0.25
70s,0.23925
fund,0.1774675
gross,0.17948
notice,0.1810075
third,0.19957625
multi,0.25
thirst,0.20462
plans,0.0085809804
vinci,0.25
addaction,0.25
addition,0.1160325
prima,0.1750725
newest,0
kevin,0.25
know,-0.1713058333
context,0.21354625
classical,0.0144501773
bones,-0.0159183333
hold,0.1298825
yukos,0.25
close,0
obligations,-0.2382878571
arrived,0
dumb,0
succeed,-0.2343386364
premise,-0.2307006667
power,0.21393
scams,0.0031205
officials,0.0016331802
toolbar,0
primarily,0
ismail,0.2420741667
sanitise,0.2160375
ozick,0
bad,0
horse,0.03882625
experience,0.0106633333
child,0.247385
depend,0.12941
echoed,0.03301625
christine,0.25
failures,0
98th,0
therefore,-0.0098125
detective,0.0073843182
decades,0.25
allahgreen,0
actually,0
fazed,0
granted,0
dayanidhi,0
abandon,-0.1231275
major,0.239505
rival,0.1751375
carlos,0.228405
seek,0.2313175
survey,0.0204375
monthly,0
workshops,0.0153471635
structural,0
brul,0
finish,0.21393
handed,0.231449
google,0.2434064516
neill,0.25
married,0
perform,-0.2395322368
mcconnell,0.25
proxies,0
isn,0.23764
matter,0.06327
manipulated,0.25
promise,0.011065
sense,-0.0021445833
unrecycled,0
liaises,0
symbols,0.0014932422
result,-0.0021411111
pen,0.20587
compensation,0.0134675
proviso,0.206745
quite,0
bondi,0.25
engine,0.0129458333
carried,0
abraham,-0.0134675
abused,0
cable,0.231795
remnants,0
handled,0
nominees,0.2400675
words,0.2710225
received,0
journalist,-0.0261530556
hypocrisy,0.0262554167
descended,0
plague,0.211445
vic,0.25
bears,0.2285974762
exploring,0.001489763
unsuitable,0
24,0
samuel,0.23298
true,0
product,0.0009566071
blair,0.2456321429
woodhead,0
hammer,0.444764375
sam,0.2044415476
half,0.0849933333
graduated,0
45secs,0
ancram,0
womanising,0.0537275
rebuttals,0
faces,0.0001802381
hot,0.21393
china,0.0477063889
ftse,0
aware,0
radcliffe,0
extending,0
intending,0
boards,0.14072
overheads,0.4456
distribution,0.0171903571
part,0.002457
relationship,0.032075
jm,0
surcharges,0.244103125
overcome,0.0104021429
qualified,0
income,-0.0188283333
ibm,0
loach,0.0881925
owen,0.2375408333
1080,0
capacity,0.1872625
consideration,0.0310995833
christopher,0.2265308333
stars,-0.0063482458
attachment,0.016935
thrilled,0
rankings,0.25
week,0.256239375
uses,0.25
preposterous,0
abuse,-0.0186633333
reverse,0.0612125
southern,0
organisation,-0.2457863896
kosenkow,0
big,0
ie7,0.25
judging,0.0584125
agenda,0.0362125
tobias,0.25
philip,0.2291191667
flagged,0
stroke,0.0498825
trojan,0
dorset,0.25
ends,0.5
spin,0.0630875
900m,0
criminal,0
topping,0
graham,0.1892675
bottom,-0.012296875
achieved,0
piracy,0.167315
woman,0.021231875
sell,-0.00395125
disappeared,0
positions,0.25
err,-0.23065125
effect,0.081
suppliers,-0.25
cohen,0.25
lack,0.0022508333
properly,0
regret,0.2382525
resolution,0.03346375
briefed,0
slide,-0.0043785
looked,0.2624983177
page,0.230095
attempt,0.0881725
likes,0.0114878125
pubs,-0.2266233333
favourable,0
accepted,0
polite,0
literary,0
architecture,0.23903
camera,-0.007264375
36th,0
0800,0
rupiah,0.0420608333
insisting,0.03694
technology,0.0001194412
tuc,0.25
thumb,0.0497425
terrorists,0.0001654444
sprayed,0
industrialised,0.1870575
speech,0.01981875
three,0.2052525
aiming,0
warns,0
racketeering,0.202885
obituary,0.2018125
aid,0.22013
clare,0.25
joystick,-0.0199183333
stages,0.25
project,0.0883025
carfax,0.25
190,0
postgraduates,-0.0292708333
distortion,-0.2171797222
begins,0
1974,0.25
pulses,-0.01197125
cultured,0
core,0.15926
elections,-0.2487727174
revive,0.1277775
concentrating,0
critics,0.006530506
ian,0.25
considerably,0
study,0.01286875
springer,0.42402375
harold,0.25
mobiles,0.25
earnings,0.2422075
concern,0.0030542879
giuseppe,0.25
templating,0
present,-0.0043975
singapore,0.244454375
8bn,0
pundit,0.0670045
seeing,0.2263625
significance,0.2255075
hadn,0
vast,0
iphigenia,-0.0001445833
offensive,0.0314202083
thinking,0.0063219444
musician,0.2459895132
especially,0
competency,0.02078125
pearson,0.25
voluntary,-0.02211375
orders,0.0103220273
hotels,-0.2244326689
4,0
classic,0
performance,-0.23761375
bremner,0.25
told,-0.243287875
indicated,0.0048646313
hugh,0.25
loss,0.2106525
funded,0.19158
knows,0.2536022539
lousy,0
rise,0.200715
international,0
city,-0.248867731
transistor,-0.2233691667
poses,0.25
mccaughrean,0.25
teacher,0.20908
webb,0.4351
lynch,0.221935
gets,0.25
jose,0.25
republic,-0.001149951
12bn,0
5,0
15,0
cigarette,-0.1239241667
belisha,0.25
pele,0.25
gather,0.1538575
discarded,0
tbwa,0.25
blessed,0
council,0.0108497917
please,0.15203
airways,0.25
occur,0.2074025
exceptional,0
dvds,-0.0475883333
adults,-0.2383890774
federations,-0.2506004945
strategy,0.2116575
profit,-0.00943
inside,0
photons,0.201425
turnbull,0.25
5km,0
managing,0.0224195161
background,0.169865
fastest,0
jarre,0
edwards,0.2456321429
org,0.25
societies,-0.2359784091
wentworth,0.25
fagin,0.24122375
mrs,0.17647125
tracey,0
involved,0
quake,0.2008
teetered,0
improvement,0.007817
bournemouth,0.25
43,0
implementation,-0.0179483333
21st,-0.01258
strategic,0
established,0
escapes,0
provincial,0
published,0
contribution,0.0599525
segas,0.25
decent,0
producing,0
mandelson,0
subset,-0.125
59,0
grindley,0
performed,-0.2267617188
actor,0.0075858333
diageo,0.25
plots,0
underused,0
linked,0
illustrations,0.0216371212
truth,0.23491375
contested,0
200m,0.25
2,0
38,0
whilst,0
decorating,0
teather,0.25
detailed,0
robbins,0.2413955
full,0
generation,-0.18328625
regime,-0.2360842188
commercial,0
intends,0
relay,0.0359879167
seaside,0.1554575
november,0.2353707143
downloading,0.25
ruled,0
start,0.04195625
home,-0.0595325
celebrating,0
modest,0
harriet,0.25
kerosene,0.02997625
parsons,0.1666675
crossed,0.0212380556
error,0.0276066667
electrons,0.0003575
brazenly,0
focused,0
sit,0.0223025
circuits,0
blade,0.2384175
throughout,0
ping,0.2291475
mothers,0.0057388095
japan,0.2605435
shevchenko,0.238625
employers,-0.001776
expects,0
advise,0.001951875
5m,0
prominent,0
d,-0.0188116667
sanguine,0
fang,0.182405
brands,-0.0001418333
preceding,0
scene,0.023666
offshore,0
businesses,1.88392857142783E-005
stagger,0.14981
billed,0
critical,0
backsliding,0.03052125
highlands,0.2241608333
35mm,0.25
recalls,0
technorati,0.25
technologists,0
dublin,0.060843125
rigg,0.25
anywhere,0
surge,0.207935
nobody,0.08580875
hood,0.386125
attributed,0.25
solving,0.2130175
securities,0.0061204571
places,0.25
walkman,0.2381225
malibu,0.25
thriller,-0.0056177778
activity,0.0010351724
fit,0
reach,0.2354225
examples,0
talented,0
ba,0.1965716667
condition,0.2089225
undertaking,0.1892175
circle,-0.0001
flights,0
unsettled,0
equally,0
dear,0
valued,0
farmers,0.0111999008
utilise,-0.243426087
84,0
risks,-0.0034026724
prospective,0
accessible,0
slovenia,-0.2047866667
library,-0.0003162162
oversight,0.01619
st,0.25
serious,0
rating,-0.0033632292
diversified,0
finance,0.0063890931
asplin,0
eyre,0.452398125
explained,-0.2280420833
interesting,0
strike,0.0030575
deficit,0.0022508333
zara,0.25
32,0
machinery,0.1414525
patrick,0.228094375
door,-0.0009738218
host,0.1908425
citizen,-0.29126125
firestone,0.154765
canadian,0.2620564583
31,0
conclude,0.01953
56,0
actions,0
mainly,0
level,0
precious,0
failure,0.18563
games,-0.2496511124
sigarchi,0
prints,0
rea,0.25
66secs,0
never,0
usual,0
intended,0
promoters,0
electioneering,0.2214725
street,0.367365
narrowly,0
dramatic,0
bursary,0.2007875
capitalisation,0.1924225
firms,0
lecturer,0.0679275
rong,0.25
henri,0.25
challenge,0.1564025
accusing,0
rates,0.1623
laptops,-0.0187025
fixed,0
blow,0.2367025
magdalene,0.25
attraction,0.0163345833
headed,0
carmaker,0.092169
studios,0.049041625
involves,0
popular,0
ban,0.12704875
ministries,0
travels,0.25
colleague,0.1980525
services,0.1288069444
1731,0.25
reveals,0
loosening,0.0258875
everybody,0.25
personal,0
disaster,0.1373325
young,0.2386695
son,0.0253610417
cowed,0.0116504167
moorcroft,0
includes,0
semitism,0
upcoming,0
pretended,0
co,0.0058063333
hope,0.1352675
two,0
europe,-0.2419271667
1st,0
resources,0.030712
waste,0.0050525
buoyed,0
limited,0
changing,0
promote,0.0093675
baweja,0
losing,0.25
public,0
goods,0.0058730357
grants,0.015359375
bhanu,0.2407125
clean,0
taxpayers,0.0009493269
occupation,0.0023265909
chalayan,0
hunger,-0.03481375
undoubted,0
outlined,0
tara,0.2094775
outperformance,0
disney,-0.0020797222
multiple,0.029610625
1983,-0.25
poll,-0.00824625
marketed,-0.0157883525
nuisance,0.0105258333
sky,-0.00282
provoking,0
exchange,0.0306541667
age,0.0067669444
wrong,0
4bn,0
turnaround,0.4032575
charged,0
155bn,0
global,0
cooper,-0.0023458333
likewise,0
ql,0.25
replacing,0.00690625
chidambaram,0.25
geneti,0
49,0
prison,-0.2426455822
duty,-0.2382878571
formed,0
strange,0.17527125
infrastructure,0.36616
business,-0.2347379545
88m,0
tate,0.2302154167
name,0
hall,0.247429375
preparing,0
recycling,-0.2239775
kazuo,0.25
car,-0.0099079167
boy,0.0050329375
wages,0.1741225
technicians,0.0205559524
prof,0.2386789899
processors,-0.009920625
teams,0
nokia,0
68seconds,0
uncovering,0.039455
entitled,0
ball,0.213035
rice,0.184438
institute,-0.00705375
relocating,0.2354925
cepes,0.4164908333
suggest,0.0122545833
achievements,0.25
overbalancing,0
hurts,-0.2462778172
federation,0.1910725
anybody,0.25
circulation,-0.2008666667
pulsar,-0.044745
promoting,0
learn,0.002063125
undergoing,0
sophos,0.25
exonerated,0
benefited,0
nationwide,0
autumn,0.017234375
hutton,0.2400942857
behind,0
toshiba,0.25
revenge,0.01544
growing,0
1970,-0.25
unfortunate,0
james,0.4771015
huaral,0.25
versace,0.230660625
sandra,0
writers,-0.0092420652
beat,0.2267175
brazil,0.0038070257
m,0.153911
independent,0
downing,0.24092
milton,-0.0025840625
funny,0.0009461742
green,0.21393
72,0
works,0.0087978409
drama,-0.2525445526
adult,0.2380875
wheels,0.25
looks,0.2624983177
hedging,0.1666075
defend,-0.00827125
judi,0
comic,0.0009461742
bbc,0
bharti,0.25
tells,0.25
novels,-0.2404733211
nassau,0.167214
regional,-0.0027013614
recovery,0.159315
tests,0.25
closed,0.21393
skilling,0.25
professionally,0
developed,0
suggests,0
qwerty,0.23068
166,0
gambling,0.005753375
joice,0.25
opener,0.1952075
columbia,0.44969925
500m,0
prompted,0
plenty,0.1720975
branches,-0.21758875
telco,-0.055555
investments,0.006633
michael,0.2144216667
arsenide,0.2366433333
alice,0.25
disappointing,0
herbert,0.2386355
10k,0
thanou,0
sparked,0
hardware,0.2342643182
regenerate,0.1401675
several,0
symbol,0.2293308333
powell,0.247914375
thailand,0.0015975862
automatic,0
borders,0.0017124107
takings,0.24051375
wearing,0
wi,0.0034272917
ballard,0.25
vhs,-0.25
sexes,-0.0017332576
markos,0
four,0
terrorism,0.0001654444
deal,-0.00395125
covered,0
creditor,0.0435645
cut,0.1766175
complains,0.03517375
country,-0.19182875
financial,-0.247112133
agree,-0.004915
roy,0.25
producers,0.239105
fledgling,0
advice,0.030563125
diamound,0
statistics,-0.2476381818
gift,0.0068321429
debt,0.0048269444
beacon,-0.0085278917
danced,4.55185185185281E-005
lovenduski,0
rifts,0.25
ice,0.2237445833
remain,0.0568625
expenses,0.0150419444
shares,0.2219607292
peru,-0.0010221503
8am,0
area,0.0046408654
dropped,0.25
least,0
monitored,0
reference,0.0170466667
learned,0
cambridge,0.1354517453
trackball,-0.0104625
2001fetched,0
nanny,0.0105856944
mechanism,-4.11956521738921E-005
threat,0.239155
language,0.2710225
better,0.0152825
raising,0.03495125
gateshead,0.25
cabinet,0.0185625
accompanying,0
unnamed,0.22499875
bonus,0.022455
spates,0
causes,0.0101489583
french,0.2427460714
belgium,0.0016834734
log,0.06767875
exposed,0
amanda,0.25
competitive,0
johnston,0.2436783333
sue,0.00273
emmerson,0
greatly,0
phones,0.0018181848
workplace,-0.2368908594
providence,0.22519
belongs,0
campbell,0.2333335
matters,0.25
calling,0.02326125
wireless,0
nintendo,0
gain,0.16414
practices,0.0307791667
use,0.0399525
views,-0.07352625
maine,0.2554567361
indelible,0
soho,0.4332866667
metaphor,0.0094109375
jadel,0
yen,0.20579
journeys,0.25
grey,0.1416625
focus,0.1920325
winning,0
earned,0
basically,0
commission,0.0173225
contracts,-0.2428378896
churn,0.2467775
labour,0.0079258333
sights,0.2624983177
golden,0
quillinan,0
accompanied,0
containing,0
20bn,0
leroi,0
smaller,0
smart,0
90,0
serial,0
cooking,-0.2485843056
maybe,0
think,0.0063219444
complexes,0
volume,0.0480225
gigabytes,0.2399475
saving,0.0180575
beginning,0
injury,0.0870525
royal,0.1557375
gcses,-0.11472375
affected,0
win,0.0154225
tried,0
player,0.2459895132
86m,0
ankle,0.25085125
recognises,0
800m,0.25
moore,0.241746875
euro,-0.0078058333
policies,-0.0008092105
delivery,-0.00218125
soros,0
attempted,0.0881725
coastal,-0.2297705952
sony,0.25
ed,0.2032566667
thirties,-0.03125
recent,0
inc,0.2354585
slump,-0.0036975
reached,0.25
isbn,0.25
delay,0.0189808333
looking,0.0152378636
helped,0.25
using,0.0213945833
russian,0.000982625
trinity,-0.0042414286
federal,0.1856375
clockwork,-0.18935875
anything,0.25
nearing,0.25
pornographic,0
counteract,0.2316875
caricatures,-0.0018839286
forced,0
worldwide,0
enjoying,0
mercury,0.40638875
connected,0.21393
intense,0
integration,0.0110875
communities,0.0063082879
control,-0.2406559722
contraction,0.0164275
andy,0.25
irish,-0.0011508333
disrupted,0
story,0.0570325
likely,0
5bn,0
recruiting,0.25
handsets,0
ruth,0.1985025
globalisation,-0.0568525
injured,0
spree,0.010875
choose,0.1537075
doubling,0.1488925
seasons,0.2383351923
ethiopians,0
ditch,0.155135
faking,0
live,-0.01213375
construction,0.04600125
due,0
cleared,0
dynamic,0
gatherers,0
inference,-0.0013888889
withdraw,0.01293
scenes,0.25
concluding,0
bestsellers,0
adrian,0.2386083333
wife,0.0010610714
digital,0
emerged,0
resistance,-0.0118815625
lies,0.25
cancellations,0
lifted,0
bite,0.0217333333
previous,0
modified,0
proof,0.026325
ronco,0.25
follet,0
napier,0.24043125
inaccurate,0
grateful,0.04648125
doubled,0
ultimately,0
supplying,0.0114547222
47,0
shoulder,0.1999825
wider,0.25
400,0
intention,0.0102054167
greek,0
immigrants,-0.00422475
